{
    "results": [
        {
            "gender": "female",
            "name": {
                "title": "Miss",
                "first": "Sandra",
                "last": "Adams"
            },
            "location": {
                "street": {
                    "number": 84,
                    "name": "Bollinger Rd"
                },
                "city": "Adelaide",
                "state": "Northern Territory",
                "country": "Australia",
                "postcode": 3630,
                "coordinates": {
                    "latitude": "-86.6698",
                    "longitude": "177.5371"
                },
                "timezone": {
                    "offset": "-10:00",
                    "description": "Hawaii"
                }
            },
            "email": "sandra.adams@example.com",
            "login": {
                "uuid": "d0110004-f64c-4ada-948c-9260abdace11",
                "username": "silvermeercat262",
                "password": "lisalisa",
                "salt": "xtUN1Pxq",
                "md5": "cfb22ce29032d754943b60659fdc4d1d",
                "sha1": "0ba19c7498c1d32fe771c854405d9de359f4fd2f",
                "sha256": "c736d1c5d61a65579886d20a77f5375ad379fa30acee854c4a96c940594cdc20"
            },
            "dob": {
                "date": "1966-07-14T02:21:08.200Z",
                "age": 55
            },
            "registered": {
                "date": "2003-03-17T22:26:02.572Z",
                "age": 18
            },
            "phone": "06-8679-1182",
            "cell": "0408-051-469",
            "id": {
                "name": "TFN",
                "value": "668817319"
            },
            "picture": {
                "large": "https://randomuser.me/api/portraits/women/62.jpg",
                "medium": "https://randomuser.me/api/portraits/med/women/62.jpg",
                "thumbnail": "https://randomuser.me/api/portraits/thumb/women/62.jpg"
            },
            "nat": "AU"
        },
        {
            "gender": "male",
            "name": {
                "title": "Mr",
                "first": "Yusuf",
                "last": "Höhne"
            },
            "location": {
                "street": {
                    "number": 7730,
                    "name": "Fliederweg"
                },
                "city": "Eislingen/Fils",
                "state": "Mecklenburg-Vorpommern",
                "country": "Germany",
                "postcode": 80995,
                "coordinates": {
                    "latitude": "62.2896",
                    "longitude": "-82.3054"
                },
                "timezone": {
                    "offset": "+8:00",
                    "description": "Beijing, Perth, Singapore, Hong Kong"
                }
            },
            "email": "yusuf.hohne@example.com",
            "login": {
                "uuid": "0c0926af-99dc-41b5-af54-0f6dc537cf44",
                "username": "brownlion219",
                "password": "655321",
                "salt": "9rspeKkW",
                "md5": "cf67aad214f2b6309366baf017598427",
                "sha1": "c564c1ba16d6fad75f6b8c9008b472c496da9d59",
                "sha256": "06c3c5578cb3ff3f8099dea05a3291e8b1e827b775e3ad4201f1497267691d0f"
            },
            "dob": {
                "date": "1996-01-22T00:11:33.076Z",
                "age": 25
            },
            "registered": {
                "date": "2016-08-28T20:38:44.237Z",
                "age": 5
            },
            "phone": "0973-8658658",
            "cell": "0173-7422673",
            "id": {
                "name": "",
                "value": null
            },
            "picture": {
                "large": "https://randomuser.me/api/portraits/men/61.jpg",
                "medium": "https://randomuser.me/api/portraits/med/men/61.jpg",
                "thumbnail": "https://randomuser.me/api/portraits/thumb/men/61.jpg"
            },
            "nat": "DE"
        },
        {
            "gender": "male",
            "name": {
                "title": "Mr",
                "first": "Daniel",
                "last": "Laurila"
            },
            "location": {
                "street": {
                    "number": 4147,
                    "name": "Hatanpään Valtatie"
                },
                "city": "Riihimäki",
                "state": "Northern Savonia",
                "country": "Finland",
                "postcode": 56075,
                "coordinates": {
                    "latitude": "-43.7481",
                    "longitude": "-156.5545"
                },
                "timezone": {
                    "offset": "+9:00",
                    "description": "Tokyo, Seoul, Osaka, Sapporo, Yakutsk"
                }
            },
            "email": "daniel.laurila@example.com",
            "login": {
                "uuid": "92c0382f-d9eb-45da-8db8-d5b644ac5752",
                "username": "bigostrich359",
                "password": "broncos",
                "salt": "lb3YAVQh",
                "md5": "5b5e38b70bcb207ee5adaba706ac3c92",
                "sha1": "911002828bffd884013491efbcc41b74116a79ef",
                "sha256": "e975743d1c9746a0b0a4f59a99bcebe6c28962cd19e895480a715dbdbd38aca4"
            },
            "dob": {
                "date": "1980-10-11T10:11:32.404Z",
                "age": 41
            },
            "registered": {
                "date": "2017-11-12T12:59:50.430Z",
                "age": 4
            },
            "phone": "08-008-010",
            "cell": "049-196-27-39",
            "id": {
                "name": "HETU",
                "value": "NaNNA423undefined"
            },
            "picture": {
                "large": "https://randomuser.me/api/portraits/men/96.jpg",
                "medium": "https://randomuser.me/api/portraits/med/men/96.jpg",
                "thumbnail": "https://randomuser.me/api/portraits/thumb/men/96.jpg"
            },
            "nat": "FI"
        },
        {
            "gender": "female",
            "name": {
                "title": "Ms",
                "first": "Sofie",
                "last": "Christiansen"
            },
            "location": {
                "street": {
                    "number": 3917,
                    "name": "Thorsgade"
                },
                "city": "Gørløse",
                "state": "Midtjylland",
                "country": "Denmark",
                "postcode": 76623,
                "coordinates": {
                    "latitude": "-3.3887",
                    "longitude": "138.2559"
                },
                "timezone": {
                    "offset": "-10:00",
                    "description": "Hawaii"
                }
            },
            "email": "sofie.christiansen@example.com",
            "login": {
                "uuid": "62b7830e-c6cb-4121-a4ae-fd10d020f1ea",
                "username": "purplesnake825",
                "password": "dshade",
                "salt": "cazuwDfA",
                "md5": "603d68939367e50bfa5d3b006bc13278",
                "sha1": "095a3454449d3d6ff2e67b764dd2615de8d2cbc2",
                "sha256": "1fc6c413e1d765d0817aec7b3c15b936581b4e248c49dfa5e6140ffc077de93f"
            },
            "dob": {
                "date": "1966-07-11T22:35:44.204Z",
                "age": 55
            },
            "registered": {
                "date": "2002-11-23T17:47:03.220Z",
                "age": 19
            },
            "phone": "54845690",
            "cell": "73013954",
            "id": {
                "name": "CPR",
                "value": "110766-6746"
            },
            "picture": {
                "large": "https://randomuser.me/api/portraits/women/86.jpg",
                "medium": "https://randomuser.me/api/portraits/med/women/86.jpg",
                "thumbnail": "https://randomuser.me/api/portraits/thumb/women/86.jpg"
            },
            "nat": "DK"
        },
        {
            "gender": "female",
            "name": {
                "title": "Mrs",
                "first": "Oona",
                "last": "Kemppainen"
            },
            "location": {
                "street": {
                    "number": 9632,
                    "name": "Hämeentie"
                },
                "city": "Tarvasjoki",
                "state": "Uusimaa",
                "country": "Finland",
                "postcode": 73602,
                "coordinates": {
                    "latitude": "-44.3802",
                    "longitude": "73.0894"
                },
                "timezone": {
                    "offset": "0:00",
                    "description": "Western Europe Time, London, Lisbon, Casablanca"
                }
            },
            "email": "oona.kemppainen@example.com",
            "login": {
                "uuid": "5f6335ee-1e16-4d47-b006-557165adc60e",
                "username": "whitepeacock830",
                "password": "nicholas",
                "salt": "x4oHEsb5",
                "md5": "bbb5131f25cd055eceafecc00cfd8c27",
                "sha1": "675f8187d8ffad9cfbd06b23dfb6f89d3f6d1d65",
                "sha256": "f6eef60130b6cceac9455d9f74273361104e2274a1ddf02d0a4b88edf83d4e70"
            },
            "dob": {
                "date": "1968-02-20T11:55:07.136Z",
                "age": 53
            },
            "registered": {
                "date": "2007-05-15T11:16:01.297Z",
                "age": 14
            },
            "phone": "04-838-681",
            "cell": "048-066-75-18",
            "id": {
                "name": "HETU",
                "value": "NaNNA506undefined"
            },
            "picture": {
                "large": "https://randomuser.me/api/portraits/women/47.jpg",
                "medium": "https://randomuser.me/api/portraits/med/women/47.jpg",
                "thumbnail": "https://randomuser.me/api/portraits/thumb/women/47.jpg"
            },
            "nat": "FI"
        },
        {
            "gender": "male",
            "name": {
                "title": "Mr",
                "first": "Peetu",
                "last": "Heikkinen"
            },
            "location": {
                "street": {
                    "number": 1322,
                    "name": "Esplanadi"
                },
                "city": "Siikainen",
                "state": "North Karelia",
                "country": "Finland",
                "postcode": 30404,
                "coordinates": {
                    "latitude": "13.2791",
                    "longitude": "-23.6526"
                },
                "timezone": {
                    "offset": "-2:00",
                    "description": "Mid-Atlantic"
                }
            },
            "email": "peetu.heikkinen@example.com",
            "login": {
                "uuid": "d69ae0b5-034e-487a-8796-bb457f4deb6e",
                "username": "tinyswan195",
                "password": "martine",
                "salt": "WFHCz6xS",
                "md5": "1f3c77a126e4d625d701e433561f9659",
                "sha1": "bd2653698385a36555c650e87b73a70fd90017bb",
                "sha256": "0a28fbd964f98ac356a7c9684d0baf30a301879bddb997b2d4102b2950378c94"
            },
            "dob": {
                "date": "1983-08-04T02:55:54.953Z",
                "age": 38
            },
            "registered": {
                "date": "2011-08-19T10:46:12.204Z",
                "age": 10
            },
            "phone": "05-397-074",
            "cell": "044-411-77-85",
            "id": {
                "name": "HETU",
                "value": "NaNNA907undefined"
            },
            "picture": {
                "large": "https://randomuser.me/api/portraits/men/25.jpg",
                "medium": "https://randomuser.me/api/portraits/med/men/25.jpg",
                "thumbnail": "https://randomuser.me/api/portraits/thumb/men/25.jpg"
            },
            "nat": "FI"
        },
        {
            "gender": "female",
            "name": {
                "title": "Ms",
                "first": "Marsha",
                "last": "Armstrong"
            },
            "location": {
                "street": {
                    "number": 975,
                    "name": "Parker Rd"
                },
                "city": "Seymour",
                "state": "Utah",
                "country": "United States",
                "postcode": 83822,
                "coordinates": {
                    "latitude": "-48.1972",
                    "longitude": "12.7417"
                },
                "timezone": {
                    "offset": "-7:00",
                    "description": "Mountain Time (US & Canada)"
                }
            },
            "email": "marsha.armstrong@example.com",
            "login": {
                "uuid": "740eaecc-6474-4e6c-ac2d-1aab82d80a75",
                "username": "blackcat565",
                "password": "chris1",
                "salt": "3s2cAgi9",
                "md5": "d228c1165d309110d6bfe3ac14828acb",
                "sha1": "374239b24d72f9446ce9ba44de982edc3d23280e",
                "sha256": "9abf4c24434da9b0cc81750e963f05b5f0c15f1bfdfcc5b03df0bd6f6f1fdff6"
            },
            "dob": {
                "date": "1949-03-19T07:20:06.510Z",
                "age": 72
            },
            "registered": {
                "date": "2010-10-30T00:20:48.136Z",
                "age": 11
            },
            "phone": "(079)-994-2414",
            "cell": "(855)-565-8021",
            "id": {
                "name": "SSN",
                "value": "473-96-0539"
            },
            "picture": {
                "large": "https://randomuser.me/api/portraits/women/13.jpg",
                "medium": "https://randomuser.me/api/portraits/med/women/13.jpg",
                "thumbnail": "https://randomuser.me/api/portraits/thumb/women/13.jpg"
            },
            "nat": "US"
        },
        {
            "gender": "female",
            "name": {
                "title": "Ms",
                "first": "Sheila",
                "last": "Gray"
            },
            "location": {
                "street": {
                    "number": 3399,
                    "name": "Lakeshore Rd"
                },
                "city": "Gilbert",
                "state": "Alaska",
                "country": "United States",
                "postcode": 82648,
                "coordinates": {
                    "latitude": "48.7181",
                    "longitude": "-128.3332"
                },
                "timezone": {
                    "offset": "-4:00",
                    "description": "Atlantic Time (Canada), Caracas, La Paz"
                }
            },
            "email": "sheila.gray@example.com",
            "login": {
                "uuid": "621c53c8-876e-46b9-ad1b-8474fc0c6762",
                "username": "blackrabbit390",
                "password": "guest",
                "salt": "02gHBhTr",
                "md5": "9a8b227b0362265fe215fb4dc7b00ef8",
                "sha1": "b7fc9069ae4d16426205efae701634814d4dcb32",
                "sha256": "2664c1453d894cf6ce0dec29198adf808806925d58550f5fed1cb19de925354b"
            },
            "dob": {
                "date": "1998-07-17T13:44:24.513Z",
                "age": 23
            },
            "registered": {
                "date": "2011-01-24T04:07:43.956Z",
                "age": 10
            },
            "phone": "(974)-554-9478",
            "cell": "(146)-415-0279",
            "id": {
                "name": "SSN",
                "value": "311-64-6388"
            },
            "picture": {
                "large": "https://randomuser.me/api/portraits/women/90.jpg",
                "medium": "https://randomuser.me/api/portraits/med/women/90.jpg",
                "thumbnail": "https://randomuser.me/api/portraits/thumb/women/90.jpg"
            },
            "nat": "US"
        },
        {
            "gender": "female",
            "name": {
                "title": "Mrs",
                "first": "Isabelle",
                "last": "Wörner"
            },
            "location": {
                "street": {
                    "number": 6533,
                    "name": "Kirchplatz"
                },
                "city": "Bad Aibling",
                "state": "Baden-Württemberg",
                "country": "Germany",
                "postcode": 95520,
                "coordinates": {
                    "latitude": "-55.7570",
                    "longitude": "96.8210"
                },
                "timezone": {
                    "offset": "-3:30",
                    "description": "Newfoundland"
                }
            },
            "email": "isabelle.worner@example.com",
            "login": {
                "uuid": "bd8f1cfe-a0e3-419d-9de4-d0612f321817",
                "username": "beautifulelephant104",
                "password": "merlin1",
                "salt": "gSWxDaUx",
                "md5": "a00a7b1ae240bd52d8b389086f7f1ce1",
                "sha1": "4ccb5e4c6b9e8e60bab48e79aca96c2653bb35bb",
                "sha256": "c2d231df3c390e026bc12a7e941a8dbf2ad18213f1d10a4ea84ef0e080d66b26"
            },
            "dob": {
                "date": "1948-03-10T23:12:30.996Z",
                "age": 73
            },
            "registered": {
                "date": "2002-12-30T08:59:54.581Z",
                "age": 19
            },
            "phone": "0907-2903700",
            "cell": "0179-4356135",
            "id": {
                "name": "",
                "value": null
            },
            "picture": {
                "large": "https://randomuser.me/api/portraits/women/43.jpg",
                "medium": "https://randomuser.me/api/portraits/med/women/43.jpg",
                "thumbnail": "https://randomuser.me/api/portraits/thumb/women/43.jpg"
            },
            "nat": "DE"
        },
        {
            "gender": "male",
            "name": {
                "title": "Mr",
                "first": "Joona",
                "last": "Salmela"
            },
            "location": {
                "street": {
                    "number": 2121,
                    "name": "Hämeentie"
                },
                "city": "Inari",
                "state": "Finland Proper",
                "country": "Finland",
                "postcode": 89390,
                "coordinates": {
                    "latitude": "-65.8058",
                    "longitude": "-155.9775"
                },
                "timezone": {
                    "offset": "-9:00",
                    "description": "Alaska"
                }
            },
            "email": "joona.salmela@example.com",
            "login": {
                "uuid": "cfff6471-7d98-49b9-9141-6c5fa094fffd",
                "username": "orangeleopard772",
                "password": "plastics",
                "salt": "549BeMBM",
                "md5": "e52c57e578a6e914fc87487d0725da1d",
                "sha1": "7009c4f3043237333ba811ad8710a4665458874a",
                "sha256": "466a9fdf6fc6c0a8480693da9e44e8c3661036bfb9b7b05f3d26000e8c3546f0"
            },
            "dob": {
                "date": "1967-10-30T04:40:38.683Z",
                "age": 54
            },
            "registered": {
                "date": "2012-06-10T22:32:39.865Z",
                "age": 9
            },
            "phone": "07-745-820",
            "cell": "049-164-94-96",
            "id": {
                "name": "HETU",
                "value": "NaNNA317undefined"
            },
            "picture": {
                "large": "https://randomuser.me/api/portraits/men/80.jpg",
                "medium": "https://randomuser.me/api/portraits/med/men/80.jpg",
                "thumbnail": "https://randomuser.me/api/portraits/thumb/men/80.jpg"
            },
            "nat": "FI"
        }
    ],
    "info": {
        "seed": "4750a05b14d09c09",
        "results": 10,
        "page": 1,
        "version": "1.3"
    }
}
