[
    {
    "B_Name": "Pits of Joy",
    "P_Name": "Organic deodorant",
    "Short_Description": "A unique formulation of certified organic ingredients, that effectively provides long-lasting prevention against odour.",
    "Price": "$14.40-$16.00",
    "Ingridients": ["Arrowroot","Flour","Patchouli","Shea Butter"],
    "P_Image": "https://amishofficial.github.io/jsonapitest/PoJ.png",
    "Certifications": "https://amishofficial.github.io/jsonapitest/VeganCertified.png",
    "Packaging": "This product is packaged using recycled glass and a tin lid"         
    }
]
